scenario,configuration,transport,clients,phase,measure,brahmaputra,kafka,ratio,result
replicated,rf3,tcp,1,produce,throughput_wall,255624,95003,2.691,brahmaputra
replicated,rf3,tcp,1,produce,throughput_client,357123,150693,2.370,brahmaputra
replicated,rf3,tcp,1,produce,cpu_avg_percent,165.3,497.2,0.332,brahmaputra
replicated,rf3,tcp,1,produce,cpu_peak_percent,488.6,1387.3,0.352,brahmaputra
replicated,rf3,tcp,1,produce,memory_avg_mib,132,1287.8,0.103,brahmaputra
replicated,rf3,tcp,1,produce,memory_peak_mib,211.1,1680.1,0.126,brahmaputra
replicated,rf3,tcp,1,produce,cpu_core_seconds,4.562306000000088,29.48303140000023,0.155,brahmaputra
replicated,rf3,tcp,1,consume,throughput_wall,275634,95785,2.878,brahmaputra
replicated,rf3,tcp,1,consume,throughput_client,398396,185254,2.151,brahmaputra
replicated,rf3,tcp,1,consume,cpu_avg_percent,40,165,0.242,brahmaputra
replicated,rf3,tcp,1,consume,cpu_peak_percent,151.6,754.8,0.201,brahmaputra
replicated,rf3,tcp,1,consume,memory_avg_mib,206.6,1433.3,0.144,brahmaputra
replicated,rf3,tcp,1,consume,memory_peak_mib,271.3,1739.6,0.156,brahmaputra
replicated,rf3,tcp,1,consume,cpu_core_seconds,0.9597505999998692,9.65251800000006,0.099,brahmaputra
replicated,rf3,tcp,2,produce,throughput_wall,347222,162893,2.132,brahmaputra
replicated,rf3,tcp,2,produce,throughput_client,476007,250171,1.903,brahmaputra
replicated,rf3,tcp,2,produce,cpu_avg_percent,195.3,679.8,0.287,brahmaputra
replicated,rf3,tcp,2,produce,cpu_peak_percent,817.8,1825.7,0.448,brahmaputra
replicated,rf3,tcp,2,produce,memory_avg_mib,339.3,1808.2,0.188,brahmaputra
replicated,rf3,tcp,2,produce,memory_peak_mib,486.9,2321.7,0.210,brahmaputra
replicated,rf3,tcp,2,produce,cpu_core_seconds,7.148368166666625,45.81845579999986,0.156,brahmaputra
replicated,rf3,tcp,2,consume,throughput_wall,888099,252908,3.512,brahmaputra
replicated,rf3,tcp,2,consume,throughput_client,1960290,889742,2.203,brahmaputra
replicated,rf3,tcp,2,consume,cpu_avg_percent,74.7,269.9,0.277,brahmaputra
replicated,rf3,tcp,2,consume,cpu_peak_percent,268.1,903.6,0.297,brahmaputra
replicated,rf3,tcp,2,consume,memory_avg_mib,499.3,1835.1,0.272,brahmaputra
replicated,rf3,tcp,2,consume,memory_peak_mib,605.4,2324.7,0.260,brahmaputra
replicated,rf3,tcp,2,consume,cpu_core_seconds,1.3661861999999472,12.6859361999999,0.108,brahmaputra
replicated,rf3,tcp,4,produce,throughput_wall,757576,235516,3.217,brahmaputra
replicated,rf3,tcp,4,produce,throughput_client,1118540,324641,3.445,brahmaputra
replicated,rf3,tcp,4,produce,cpu_avg_percent,404,800.6,0.505,brahmaputra
replicated,rf3,tcp,4,produce,cpu_peak_percent,1325.5,1975.3,0.671,brahmaputra
replicated,rf3,tcp,4,produce,memory_avg_mib,693.2,2794.9,0.248,brahmaputra
replicated,rf3,tcp,4,produce,memory_peak_mib,1055,3991.7,0.264,brahmaputra
replicated,rf3,tcp,4,produce,cpu_core_seconds,19.070651599999884,72.85638416666666,0.262,brahmaputra
replicated,rf3,tcp,4,consume,throughput_wall,1403509,439657,3.192,brahmaputra
replicated,rf3,tcp,4,consume,throughput_client,4684019,1676449,2.794,brahmaputra
replicated,rf3,tcp,4,consume,cpu_avg_percent,113.9,449.5,0.253,brahmaputra
replicated,rf3,tcp,4,consume,cpu_peak_percent,406.6,1252.5,0.325,brahmaputra
replicated,rf3,tcp,4,consume,memory_avg_mib,1064.6,3131.3,0.340,brahmaputra
replicated,rf3,tcp,4,consume,memory_peak_mib,1218.4,4126.4,0.295,brahmaputra
replicated,rf3,tcp,4,consume,cpu_core_seconds,2.482011400000051,23.375205599999966,0.106,brahmaputra
replicated,rf1,tcp,1,produce,throughput_wall,267666,168634,1.587,brahmaputra
replicated,rf1,tcp,1,produce,throughput_client,443690,459559,0.965,kafka
replicated,rf1,tcp,1,produce,cpu_avg_percent,125,218,0.573,brahmaputra
replicated,rf1,tcp,1,produce,cpu_peak_percent,309.4,791,0.391,brahmaputra
replicated,rf1,tcp,1,produce,memory_avg_mib,1038.7,2812.6,0.369,brahmaputra
replicated,rf1,tcp,1,produce,memory_peak_mib,1052.7,3118.3,0.338,brahmaputra
replicated,rf1,tcp,1,produce,cpu_core_seconds,3.5740258666664286,7.717003199999988,0.463,brahmaputra
replicated,rf1,tcp,1,consume,throughput_wall,402901,157085,2.565,brahmaputra
replicated,rf1,tcp,1,consume,throughput_client,893383,643501,1.388,brahmaputra
replicated,rf1,tcp,1,consume,cpu_avg_percent,58.2,129.8,0.448,brahmaputra
replicated,rf1,tcp,1,consume,cpu_peak_percent,168.3,426.4,0.395,brahmaputra
replicated,rf1,tcp,1,consume,memory_avg_mib,1072.3,2953.5,0.363,brahmaputra
replicated,rf1,tcp,1,consume,memory_peak_mib,1155.6,3223.3,0.359,brahmaputra
replicated,rf1,tcp,1,consume,cpu_core_seconds,1.2857239999999255,4.843030599999905,0.265,brahmaputra
replicated,rf1,tcp,2,produce,throughput_wall,602047,258799,2.326,brahmaputra
replicated,rf1,tcp,2,produce,throughput_client,1004677,596779,1.683,brahmaputra
replicated,rf1,tcp,2,produce,cpu_avg_percent,211.1,432.2,0.488,brahmaputra
replicated,rf1,tcp,2,produce,cpu_peak_percent,516.7,1364.4,0.379,brahmaputra
replicated,rf1,tcp,2,produce,memory_avg_mib,1102.9,3205.7,0.344,brahmaputra
replicated,rf1,tcp,2,produce,memory_peak_mib,1132,3854.9,0.294,brahmaputra
replicated,rf1,tcp,2,produce,cpu_core_seconds,5.044636400000066,19.104034833333372,0.264,brahmaputra
replicated,rf1,tcp,2,consume,throughput_wall,498753,268168,1.860,brahmaputra
replicated,rf1,tcp,2,consume,throughput_client,1711896,1121226,1.527,brahmaputra
replicated,rf1,tcp,2,consume,cpu_avg_percent,53.1,248,0.214,brahmaputra
replicated,rf1,tcp,2,consume,cpu_peak_percent,282.1,818.7,0.345,brahmaputra
replicated,rf1,tcp,2,consume,memory_avg_mib,1126,3616.8,0.311,brahmaputra
replicated,rf1,tcp,2,consume,memory_peak_mib,1330.3,4135.2,0.322,brahmaputra
replicated,rf1,tcp,2,consume,cpu_core_seconds,1.6876427999999821,10.663304399999976,0.158,brahmaputra
replicated,rf1,tcp,4,produce,throughput_wall,804829,308024,2.613,brahmaputra
replicated,rf1,tcp,4,produce,throughput_client,1670204,710071,2.352,brahmaputra
replicated,rf1,tcp,4,produce,cpu_avg_percent,335.1,645.4,0.519,brahmaputra
replicated,rf1,tcp,4,produce,cpu_peak_percent,927.8,1965.5,0.472,brahmaputra
replicated,rf1,tcp,4,produce,memory_avg_mib,1228.5,4187.1,0.293,brahmaputra
replicated,rf1,tcp,4,produce,memory_peak_mib,1289.9,5041.9,0.256,brahmaputra
replicated,rf1,tcp,4,produce,cpu_core_seconds,10.656227800000138,48.016257,0.222,brahmaputra
replicated,rf1,tcp,4,consume,throughput_wall,1237624,323887,3.821,brahmaputra
replicated,rf1,tcp,4,consume,throughput_client,2258428,1044002,2.163,brahmaputra
replicated,rf1,tcp,4,consume,cpu_avg_percent,106,339.9,0.312,brahmaputra
replicated,rf1,tcp,4,consume,cpu_peak_percent,494.7,1235.7,0.400,brahmaputra
replicated,rf1,tcp,4,consume,memory_avg_mib,1312,4799.5,0.273,brahmaputra
replicated,rf1,tcp,4,consume,memory_peak_mib,1613.8,6007.9,0.269,brahmaputra
replicated,rf1,tcp,4,consume,cpu_core_seconds,2.4806658333334775,27.093252866666734,0.092,brahmaputra
concurrency,rf1,tcp,1,produce,throughput_wall,432339,236016,1.832,brahmaputra
concurrency,rf1,tcp,1,produce,throughput_client,567304,419639,1.352,brahmaputra
concurrency,rf1,tcp,1,produce,cpu_avg_percent,104.4,231.9,0.450,brahmaputra
concurrency,rf1,tcp,1,produce,cpu_peak_percent,217.4,780.1,0.279,brahmaputra
concurrency,rf1,tcp,1,produce,memory_avg_mib,21.2,438.4,0.048,brahmaputra
concurrency,rf1,tcp,1,produce,memory_peak_mib,33.7,552.4,0.061,brahmaputra
concurrency,rf1,tcp,1,produce,cpu_core_seconds,3.298513,11.314809,0.292,brahmaputra
concurrency,rf1,tcp,1,consume,throughput_wall,549753,23613,23.282,brahmaputra
concurrency,rf1,tcp,1,consume,throughput_client,857894,24911,34.438,brahmaputra
concurrency,rf1,tcp,1,consume,cpu_avg_percent,26.7,33.4,0.799,brahmaputra
concurrency,rf1,tcp,1,consume,cpu_peak_percent,126.5,407.2,0.311,brahmaputra
concurrency,rf1,tcp,1,consume,memory_avg_mib,64.8,502.9,0.129,brahmaputra
concurrency,rf1,tcp,1,consume,memory_peak_mib,159.7,779.7,0.205,brahmaputra
concurrency,rf1,tcp,1,consume,cpu_core_seconds,0.722086,14.377411,0.050,brahmaputra
concurrency,rf1,tcp,2,produce,throughput_wall,661594,187635,3.526,brahmaputra
concurrency,rf1,tcp,2,produce,throughput_client,898832,352557,2.549,brahmaputra
concurrency,rf1,tcp,2,produce,cpu_avg_percent,184.5,257.7,0.716,brahmaputra
concurrency,rf1,tcp,2,produce,cpu_peak_percent,396.9,2870.9,0.138,brahmaputra
concurrency,rf1,tcp,2,produce,memory_avg_mib,145.1,801.6,0.181,brahmaputra
concurrency,rf1,tcp,2,produce,memory_peak_mib,170.1,1145.4,0.149,brahmaputra
concurrency,rf1,tcp,2,produce,cpu_core_seconds,6.991431,29.150432,0.240,brahmaputra
concurrency,rf1,tcp,2,consume,throughput_wall,175331,450755,0.389,kafka
concurrency,rf1,tcp,2,consume,throughput_client,189018,1149548,0.164,kafka
concurrency,rf1,tcp,2,consume,cpu_avg_percent,11.2,237.7,0.047,brahmaputra
concurrency,rf1,tcp,2,consume,cpu_peak_percent,151,689.3,0.219,brahmaputra
concurrency,rf1,tcp,2,consume,memory_avg_mib,159.4,1113.8,0.143,brahmaputra
concurrency,rf1,tcp,2,consume,memory_peak_mib,376,1547.5,0.243,brahmaputra
concurrency,rf1,tcp,2,consume,cpu_core_seconds,1.353374,12.097906,0.112,brahmaputra
concurrency,rf1,tcp,4,produce,throughput_wall,142669,201025,0.710,kafka
concurrency,rf1,tcp,4,produce,throughput_client,147492,325234,0.453,kafka
concurrency,rf1,tcp,4,produce,cpu_avg_percent,47,260.6,0.180,brahmaputra
concurrency,rf1,tcp,4,produce,cpu_peak_percent,698.9,812.5,0.860,brahmaputra
concurrency,rf1,tcp,4,produce,memory_avg_mib,426.9,1745.7,0.245,brahmaputra
concurrency,rf1,tcp,4,produce,memory_peak_mib,446.8,2288.8,0.195,brahmaputra
concurrency,rf1,tcp,4,produce,cpu_core_seconds,14.747267,53.841016,0.274,brahmaputra
concurrency,rf1,tcp,4,consume,throughput_wall,2762431,313480,8.812,brahmaputra
concurrency,rf1,tcp,4,consume,throughput_client,6536044,1367907,4.778,brahmaputra
concurrency,rf1,tcp,4,consume,cpu_avg_percent,120.8,165.6,0.729,brahmaputra
concurrency,rf1,tcp,4,consume,cpu_peak_percent,460.3,800.2,0.575,brahmaputra
concurrency,rf1,tcp,4,consume,memory_avg_mib,569.5,1851,0.308,brahmaputra
concurrency,rf1,tcp,4,consume,memory_peak_mib,913.3,2837.5,0.322,brahmaputra
concurrency,rf1,tcp,4,consume,cpu_core_seconds,2.680922,22.33359,0.120,brahmaputra
concurrency,rf1,tcp,8,produce,throughput_wall,241779,111371,2.171,brahmaputra
concurrency,rf1,tcp,8,produce,throughput_client,250147,218411,1.145,brahmaputra
concurrency,rf1,tcp,8,produce,cpu_avg_percent,94.5,134.9,0.701,brahmaputra
concurrency,rf1,tcp,8,produce,cpu_peak_percent,1145.5,865.8,1.323,kafka
concurrency,rf1,tcp,8,produce,memory_avg_mib,959.8,2745.6,0.350,brahmaputra
concurrency,rf1,tcp,8,produce,memory_peak_mib,998.6,3895,0.256,brahmaputra
concurrency,rf1,tcp,8,produce,cpu_core_seconds,31.953441,97.893368,0.326,brahmaputra
concurrency,rf1,tcp,8,consume,throughput_wall,865988,271499,3.190,brahmaputra
concurrency,rf1,tcp,8,consume,throughput_client,956622,479099,1.997,brahmaputra
concurrency,rf1,tcp,8,consume,cpu_avg_percent,60,205.4,0.292,brahmaputra
concurrency,rf1,tcp,8,consume,cpu_peak_percent,880.8,872.9,1.009,kafka
concurrency,rf1,tcp,8,consume,memory_avg_mib,1008.3,3361.1,0.300,brahmaputra
concurrency,rf1,tcp,8,consume,memory_peak_mib,2013,3992.4,0.504,brahmaputra
concurrency,rf1,tcp,8,consume,cpu_core_seconds,6.024501,62.147261,0.097,brahmaputra
concurrency,rf1,quic,1,produce,throughput_wall,299312,236016,1.268,brahmaputra
concurrency,rf1,quic,1,produce,throughput_client,349056,419639,0.832,kafka
concurrency,rf1,quic,1,produce,cpu_avg_percent,184,231.9,0.793,brahmaputra
concurrency,rf1,quic,1,produce,cpu_peak_percent,328.9,780.1,0.422,brahmaputra
concurrency,rf1,quic,1,produce,memory_avg_mib,33.6,438.4,0.077,brahmaputra
concurrency,rf1,quic,1,produce,memory_peak_mib,53.8,552.4,0.097,brahmaputra
concurrency,rf1,quic,1,produce,cpu_core_seconds,7.322682,11.314809,0.647,brahmaputra
concurrency,rf1,quic,1,consume,throughput_wall,416493,23613,17.638,brahmaputra
concurrency,rf1,quic,1,consume,throughput_client,518173,24911,20.801,brahmaputra
concurrency,rf1,quic,1,consume,cpu_avg_percent,123.3,33.4,3.692,kafka
concurrency,rf1,quic,1,consume,cpu_peak_percent,261.9,407.2,0.643,brahmaputra
concurrency,rf1,quic,1,consume,memory_avg_mib,62.4,502.9,0.124,brahmaputra
concurrency,rf1,quic,1,consume,memory_peak_mib,103.3,779.7,0.132,brahmaputra
concurrency,rf1,quic,1,consume,cpu_core_seconds,3.760879,14.377411,0.262,brahmaputra
concurrency,rf1,quic,2,produce,throughput_wall,140154,187635,0.747,kafka
concurrency,rf1,quic,2,produce,throughput_client,145394,352557,0.412,kafka
concurrency,rf1,quic,2,produce,cpu_avg_percent,107.5,257.7,0.417,brahmaputra
concurrency,rf1,quic,2,produce,cpu_peak_percent,554.7,2870.9,0.193,brahmaputra
concurrency,rf1,quic,2,produce,memory_avg_mib,110.1,801.6,0.137,brahmaputra
concurrency,rf1,quic,2,produce,memory_peak_mib,121.8,1145.4,0.106,brahmaputra
concurrency,rf1,quic,2,produce,cpu_core_seconds,15.924157,29.150432,0.546,brahmaputra
concurrency,rf1,quic,2,consume,throughput_wall,736648,450755,1.634,brahmaputra
concurrency,rf1,quic,2,consume,throughput_client,1010552,1149548,0.879,kafka
concurrency,rf1,quic,2,consume,cpu_avg_percent,210.5,237.7,0.886,brahmaputra
concurrency,rf1,quic,2,consume,cpu_peak_percent,501.6,689.3,0.728,brahmaputra
concurrency,rf1,quic,2,consume,memory_avg_mib,144.5,1113.8,0.130,brahmaputra
concurrency,rf1,quic,2,consume,memory_peak_mib,208.3,1547.5,0.135,brahmaputra
concurrency,rf1,quic,2,consume,cpu_core_seconds,7.072758,12.097906,0.585,brahmaputra
concurrency,rf1,quic,4,produce,throughput_wall,167926,201025,0.835,kafka
concurrency,rf1,quic,4,produce,throughput_client,180431,325234,0.555,kafka
concurrency,rf1,quic,4,produce,cpu_avg_percent,124.5,260.6,0.478,brahmaputra
concurrency,rf1,quic,4,produce,cpu_peak_percent,807.2,812.5,0.993,brahmaputra
concurrency,rf1,quic,4,produce,memory_avg_mib,238.3,1745.7,0.137,brahmaputra
concurrency,rf1,quic,4,produce,memory_peak_mib,274.9,2288.8,0.120,brahmaputra
concurrency,rf1,quic,4,produce,cpu_core_seconds,30.251576,53.841016,0.562,brahmaputra
concurrency,rf1,quic,4,consume,throughput_wall,944510,313480,3.013,brahmaputra
concurrency,rf1,quic,4,consume,throughput_client,1290374,1367907,0.943,kafka
concurrency,rf1,quic,4,consume,cpu_avg_percent,291,165.6,1.757,kafka
concurrency,rf1,quic,4,consume,cpu_peak_percent,810.9,800.2,1.013,kafka
concurrency,rf1,quic,4,consume,memory_avg_mib,339,1851,0.183,brahmaputra
concurrency,rf1,quic,4,consume,memory_peak_mib,450.9,2837.5,0.159,brahmaputra
concurrency,rf1,quic,4,consume,cpu_core_seconds,13.881189,22.33359,0.622,brahmaputra
concurrency,rf1,quic,8,produce,throughput_wall,150787,111371,1.354,brahmaputra
concurrency,rf1,quic,8,produce,throughput_client,185535,218411,0.849,kafka
concurrency,rf1,quic,8,produce,cpu_avg_percent,108.5,134.9,0.804,brahmaputra
concurrency,rf1,quic,8,produce,cpu_peak_percent,966.6,865.8,1.116,kafka
concurrency,rf1,quic,8,produce,memory_avg_mib,449.8,2745.6,0.164,brahmaputra
concurrency,rf1,quic,8,produce,memory_peak_mib,504.4,3895,0.129,brahmaputra
concurrency,rf1,quic,8,produce,cpu_core_seconds,58.223012,97.893368,0.595,brahmaputra
concurrency,rf1,quic,8,consume,throughput_wall,1252152,271499,4.612,brahmaputra
concurrency,rf1,quic,8,consume,throughput_client,1655586,479099,3.456,brahmaputra
concurrency,rf1,quic,8,consume,cpu_avg_percent,328.8,205.4,1.601,kafka
concurrency,rf1,quic,8,consume,cpu_peak_percent,810.5,872.9,0.929,brahmaputra
concurrency,rf1,quic,8,consume,memory_avg_mib,642.8,3361.1,0.191,brahmaputra
concurrency,rf1,quic,8,consume,memory_peak_mib,839.9,3992.4,0.210,brahmaputra
concurrency,rf1,quic,8,consume,cpu_core_seconds,23.179814,62.147261,0.373,brahmaputra
large-records,rf1,tcp,1,produce,throughput_client,137,108.195834,1.266,brahmaputra
large-records,rf1,tcp,1,produce,cpu_core_seconds,5.931051,18.064029,0.328,brahmaputra
large-records,rf1,tcp,1,produce,cpu_avg,38.9,88.2,0.441,brahmaputra
large-records,rf1,tcp,1,produce,cpu_peak,329.5,701.6,0.470,brahmaputra
large-records,rf1,tcp,1,produce,memory_avg,262.1,1334.9,0.196,brahmaputra
large-records,rf1,tcp,1,produce,memory_peak,323.3,1717.2,0.188,brahmaputra
large-records,rf1,quic,1,produce,throughput_client,144,108.195834,1.331,brahmaputra
large-records,rf1,quic,1,produce,cpu_core_seconds,30.393339,18.064029,1.683,kafka
large-records,rf1,quic,1,produce,cpu_avg,204.4,88.2,2.317,kafka
large-records,rf1,quic,1,produce,cpu_peak,407.3,701.6,0.581,brahmaputra
large-records,rf1,quic,1,produce,memory_avg,307,1334.9,0.230,brahmaputra
large-records,rf1,quic,1,produce,memory_peak,434,1717.2,0.253,brahmaputra
large-records,rf1,tcp,1,consume,throughput_client,425,521.9207,0.814,kafka
large-records,rf1,tcp,1,consume,cpu_core_seconds,1.678936,9.059579,0.185,brahmaputra
large-records,rf1,tcp,1,consume,cpu_avg,30.7,144,0.213,brahmaputra
large-records,rf1,tcp,1,consume,cpu_peak,137.2,321.1,0.427,brahmaputra
large-records,rf1,tcp,1,consume,memory_avg,497,2254,0.220,brahmaputra
large-records,rf1,tcp,1,consume,memory_peak,2150.8,3910.8,0.550,brahmaputra
large-records,rf1,quic,1,consume,throughput_client,209,521.9207,0.400,kafka
large-records,rf1,quic,1,consume,cpu_core_seconds,22.381928,9.059579,2.471,kafka
large-records,rf1,quic,1,consume,cpu_avg,219,144,1.521,kafka
large-records,rf1,quic,1,consume,cpu_peak,319.9,321.1,0.996,brahmaputra
large-records,rf1,quic,1,consume,memory_avg,782.9,2254,0.347,brahmaputra
large-records,rf1,quic,1,consume,memory_peak,1401.9,3910.8,0.358,brahmaputra
codec-none,rf1,tcp,1,produce,throughput_client,853078,405515.004055,2.104,brahmaputra
codec-none,rf1,tcp,1,produce,cpu_core_seconds,1.231208,6.59668,0.187,brahmaputra
codec-none,rf1,tcp,1,produce,cpu_avg,87.9,181.2,0.485,brahmaputra
codec-none,rf1,tcp,1,produce,cpu_peak,215.4,676.2,0.319,brahmaputra
codec-none,rf1,tcp,1,produce,memory_avg,17.7,456.4,0.039,brahmaputra
codec-none,rf1,tcp,1,produce,memory_peak,30.2,673.8,0.045,brahmaputra
codec-none,rf1,tcp,1,consume,throughput_client,1799533,307881.7734,5.845,brahmaputra
codec-none,rf1,tcp,1,consume,cpu_core_seconds,0.349485,5.864852,0.060,brahmaputra
codec-none,rf1,tcp,1,consume,cpu_avg,30.7,144.1,0.213,brahmaputra
codec-none,rf1,tcp,1,consume,cpu_peak,123,449.4,0.274,brahmaputra
codec-none,rf1,tcp,1,consume,memory_avg,41,547.8,0.075,brahmaputra
codec-none,rf1,tcp,1,consume,memory_peak,103.2,768.9,0.134,brahmaputra
codec-lz4,rf1,tcp,1,produce,throughput_client,833140,600961.538462,1.386,brahmaputra
codec-lz4,rf1,tcp,1,produce,cpu_core_seconds,1.128799,5.056979,0.223,brahmaputra
codec-lz4,rf1,tcp,1,produce,cpu_avg,64.1,157,0.408,brahmaputra
codec-lz4,rf1,tcp,1,produce,cpu_peak,185,519.5,0.356,brahmaputra
codec-lz4,rf1,tcp,1,produce,memory_avg,13.3,433,0.031,brahmaputra
codec-lz4,rf1,tcp,1,produce,memory_peak,27.8,692.2,0.040,brahmaputra
codec-lz4,rf1,tcp,1,consume,throughput_client,1440684,416666.6667,3.458,brahmaputra
codec-lz4,rf1,tcp,1,consume,cpu_core_seconds,0.418102,5.127508,0.082,brahmaputra
codec-lz4,rf1,tcp,1,consume,cpu_avg,32.4,146.5,0.221,brahmaputra
codec-lz4,rf1,tcp,1,consume,cpu_peak,107.5,457.8,0.235,brahmaputra
codec-lz4,rf1,tcp,1,consume,memory_avg,54.4,458.4,0.119,brahmaputra
codec-lz4,rf1,tcp,1,consume,memory_peak,283.8,666,0.426,brahmaputra
codec-gzip,rf1,tcp,1,produce,throughput_client,510529,400641.025641,1.274,brahmaputra
codec-gzip,rf1,tcp,1,produce,cpu_core_seconds,1.614431,6.055914,0.267,brahmaputra
codec-gzip,rf1,tcp,1,produce,cpu_avg,89.2,162.4,0.549,brahmaputra
codec-gzip,rf1,tcp,1,produce,cpu_peak,177.8,576.3,0.309,brahmaputra
codec-gzip,rf1,tcp,1,produce,memory_avg,17.5,442.8,0.040,brahmaputra
codec-gzip,rf1,tcp,1,produce,memory_peak,27.8,647,0.043,brahmaputra
codec-gzip,rf1,tcp,1,consume,throughput_client,1429504,393700.7874,3.631,brahmaputra
codec-gzip,rf1,tcp,1,consume,cpu_core_seconds,0.419561,5.312836,0.079,brahmaputra
codec-gzip,rf1,tcp,1,consume,cpu_avg,32.3,141.3,0.229,brahmaputra
codec-gzip,rf1,tcp,1,consume,cpu_peak,107.7,405,0.266,brahmaputra
codec-gzip,rf1,tcp,1,consume,memory_avg,47.1,463.3,0.102,brahmaputra
codec-gzip,rf1,tcp,1,consume,memory_peak,284.1,710.1,0.400,brahmaputra
codec-snappy,rf1,tcp,1,produce,throughput_client,786275,365497.076023,2.151,brahmaputra
codec-snappy,rf1,tcp,1,produce,cpu_core_seconds,1.207043,7.421721,0.163,brahmaputra
codec-snappy,rf1,tcp,1,produce,cpu_avg,79.9,179.3,0.446,brahmaputra
codec-snappy,rf1,tcp,1,produce,cpu_peak,192.3,641,0.300,brahmaputra
codec-snappy,rf1,tcp,1,produce,memory_avg,15.8,443.3,0.036,brahmaputra
codec-snappy,rf1,tcp,1,produce,memory_peak,27.7,717.4,0.039,brahmaputra
codec-snappy,rf1,tcp,1,consume,throughput_client,1335014,262881.1777,5.078,brahmaputra
codec-snappy,rf1,tcp,1,consume,cpu_core_seconds,0.476463,6.055297,0.079,brahmaputra
codec-snappy,rf1,tcp,1,consume,cpu_avg,34,129.7,0.262,brahmaputra
codec-snappy,rf1,tcp,1,consume,cpu_peak,109.5,599.2,0.183,brahmaputra
codec-snappy,rf1,tcp,1,consume,memory_avg,59.2,521.2,0.114,brahmaputra
codec-snappy,rf1,tcp,1,consume,memory_peak,288.8,707,0.408,brahmaputra
codec-zstd,rf1,tcp,1,produce,throughput_client,876253,473933.649289,1.849,brahmaputra
codec-zstd,rf1,tcp,1,produce,cpu_core_seconds,1.073626,5.795951,0.185,brahmaputra
codec-zstd,rf1,tcp,1,produce,cpu_avg,76.7,164.2,0.467,brahmaputra
codec-zstd,rf1,tcp,1,produce,cpu_peak,190.2,629.2,0.302,brahmaputra
codec-zstd,rf1,tcp,1,produce,memory_avg,15,437.3,0.034,brahmaputra
codec-zstd,rf1,tcp,1,produce,memory_peak,28.8,639.8,0.045,brahmaputra
codec-zstd,rf1,tcp,1,consume,throughput_client,1268518,403225.8065,3.146,brahmaputra
codec-zstd,rf1,tcp,1,consume,cpu_core_seconds,0.485291,5.236413,0.093,brahmaputra
codec-zstd,rf1,tcp,1,consume,cpu_avg,36.2,149.6,0.242,brahmaputra
codec-zstd,rf1,tcp,1,consume,cpu_peak,109.2,499.4,0.219,brahmaputra
codec-zstd,rf1,tcp,1,consume,memory_avg,57.4,472.5,0.121,brahmaputra
codec-zstd,rf1,tcp,1,consume,memory_peak,282.4,765.7,0.369,brahmaputra
acks-0,rf1,tcp,1,produce,throughput_client,803559,451671.183379,1.779,brahmaputra
acks-0,rf1,tcp,1,produce,cpu_core_seconds,1.169867,6.243834,0.187,brahmaputra
acks-0,rf1,tcp,1,produce,cpu_avg,78,173.9,0.449,brahmaputra
acks-0,rf1,tcp,1,produce,cpu_peak,188.7,711.5,0.265,brahmaputra
acks-0,rf1,tcp,1,produce,memory_avg,16.7,452.1,0.037,brahmaputra
acks-0,rf1,tcp,1,produce,memory_peak,28.7,672.7,0.043,brahmaputra
acks-0,rf1,tcp,1,consume,throughput_client,1988244,367376.9287,5.412,brahmaputra
acks-0,rf1,tcp,1,consume,cpu_core_seconds,0.317019,5.213713,0.061,brahmaputra
acks-0,rf1,tcp,1,consume,cpu_avg,28.1,126.5,0.222,brahmaputra
acks-0,rf1,tcp,1,consume,cpu_peak,121.4,420.4,0.289,brahmaputra
acks-0,rf1,tcp,1,consume,memory_avg,35.7,539.8,0.066,brahmaputra
acks-0,rf1,tcp,1,consume,memory_peak,90.9,766.9,0.119,brahmaputra
acks-all,rf1,tcp,1,produce,throughput_client,587426,416666.666667,1.410,brahmaputra
acks-all,rf1,tcp,1,produce,cpu_core_seconds,1.717831,6.585504,0.261,brahmaputra
acks-all,rf1,tcp,1,produce,cpu_avg,94.4,182.9,0.516,brahmaputra
acks-all,rf1,tcp,1,produce,cpu_peak,204.8,591.2,0.346,brahmaputra
acks-all,rf1,tcp,1,produce,memory_avg,19.5,461.3,0.042,brahmaputra
acks-all,rf1,tcp,1,produce,memory_peak,32.4,676.3,0.048,brahmaputra
acks-all,rf1,tcp,1,consume,throughput_client,1747319,397140.5878,4.400,brahmaputra
acks-all,rf1,tcp,1,consume,cpu_core_seconds,0.35407,5.027769,0.070,brahmaputra
acks-all,rf1,tcp,1,consume,cpu_avg,29.8,130.3,0.229,brahmaputra
acks-all,rf1,tcp,1,consume,cpu_peak,119.5,447,0.267,brahmaputra
acks-all,rf1,tcp,1,consume,memory_avg,39.3,539.7,0.073,brahmaputra
acks-all,rf1,tcp,1,consume,memory_peak,95,758.3,0.125,brahmaputra
idempotent,rf1,tcp,1,produce,throughput_client,446699,38022.813688,11.748,brahmaputra
idempotent,rf1,tcp,1,produce,cpu_core_seconds,0.337354,9.031794,0.037,brahmaputra
idempotent,rf1,tcp,1,produce,cpu_avg,30.9,160.1,0.193,brahmaputra
idempotent,rf1,tcp,1,produce,cpu_peak,246.7,579.9,0.425,brahmaputra
idempotent,rf1,tcp,1,produce,memory_avg,9.5,399.8,0.024,brahmaputra
idempotent,rf1,tcp,1,produce,memory_peak,26.5,487.4,0.054,brahmaputra
idempotent,rf1,tcp,1,consume,throughput_client,390042,4644.6818,83.976,brahmaputra
idempotent,rf1,tcp,1,consume,cpu_core_seconds,0.134698,8.55113,0.016,brahmaputra
idempotent,rf1,tcp,1,consume,cpu_avg,13.6,57.9,0.235,brahmaputra
idempotent,rf1,tcp,1,consume,cpu_peak,78.3,562.1,0.139,brahmaputra
idempotent,rf1,tcp,1,consume,memory_avg,11.8,445.4,0.026,brahmaputra
idempotent,rf1,tcp,1,consume,memory_peak,35.9,515.2,0.070,brahmaputra
rate-limited,rf3,tcp,1,produce,throughput_wall,9126,6876,1.327,brahmaputra
rate-limited,rf3,tcp,1,produce,throughput_client,9996,9962,1.003,brahmaputra
rate-limited,rf3,tcp,1,produce,cpu_avg_percent,76.9,212.4,0.362,brahmaputra
rate-limited,rf3,tcp,1,produce,cpu_peak_percent,110.8,785.3,0.141,brahmaputra
rate-limited,rf3,tcp,1,produce,memory_avg_mib,68.3,1110.4,0.062,brahmaputra
rate-limited,rf3,tcp,1,produce,memory_peak_mib,78,1268.9,0.061,brahmaputra
rate-limited,rf3,tcp,1,produce,cpu_core_seconds,4.709075600000002,16.90384213333339,0.279,brahmaputra
rate-limited,rf3,tcp,1,consume,throughput_wall,85616,13182,6.495,brahmaputra
rate-limited,rf3,tcp,1,consume,throughput_client,829543,43554,19.046,brahmaputra
rate-limited,rf3,tcp,1,consume,cpu_avg_percent,27.2,184.7,0.147,brahmaputra
rate-limited,rf3,tcp,1,consume,cpu_peak_percent,112.8,772.4,0.146,brahmaputra
rate-limited,rf3,tcp,1,consume,memory_avg_mib,63.6,1176.1,0.054,brahmaputra
rate-limited,rf3,tcp,1,consume,memory_peak_mib,103.7,1273.8,0.081,brahmaputra
rate-limited,rf3,tcp,1,consume,cpu_core_seconds,0.3613335666666413,8.069798733333334,0.045,brahmaputra
rate-limited,rf1,tcp,1,produce,throughput_wall,8954,7263,1.233,brahmaputra
rate-limited,rf1,tcp,1,produce,throughput_client,9988,9976,1.001,brahmaputra
rate-limited,rf1,tcp,1,produce,cpu_avg_percent,50.9,108.7,0.468,brahmaputra
rate-limited,rf1,tcp,1,produce,cpu_peak_percent,81.3,603.9,0.135,brahmaputra
rate-limited,rf1,tcp,1,produce,memory_avg_mib,78.9,1227,0.064,brahmaputra
rate-limited,rf1,tcp,1,produce,memory_peak_mib,85.4,1267.2,0.067,brahmaputra
rate-limited,rf1,tcp,1,produce,cpu_core_seconds,3.2251089999999927,8.095746199999928,0.398,brahmaputra
rate-limited,rf1,tcp,1,consume,throughput_wall,75301,17024,4.423,brahmaputra
rate-limited,rf1,tcp,1,consume,throughput_client,767758,122850,6.250,brahmaputra
rate-limited,rf1,tcp,1,consume,cpu_avg_percent,30.2,154.7,0.195,brahmaputra
rate-limited,rf1,tcp,1,consume,cpu_peak_percent,127.5,559,0.228,brahmaputra
rate-limited,rf1,tcp,1,consume,memory_avg_mib,74.7,1232.4,0.061,brahmaputra
rate-limited,rf1,tcp,1,consume,memory_peak_mib,96.4,1354.3,0.071,brahmaputra
rate-limited,rf1,tcp,1,consume,cpu_core_seconds,0.39286080000001194,5.477806400000036,0.072,brahmaputra
