system,phase,clients,records,seconds,msgs_per_sec,client_msgs_per_sec,cpu_avg,cpu_peak,mem_avg,mem_peak
kafka,produce,1,1000000,4.24,236016,419639,231.9,780.1,438.4,552.4
kafka,consume,1,1000000,42.35,23613,24911,33.4,407.2,502.9,779.7
kafka,produce,2,2000000,10.66,187635,352557,257.7,2870.9,801.6,1145.4
kafka,consume,2,2000000,4.44,450755,1149548,237.7,689.3,1113.8,1547.5
kafka,produce,4,4000000,19.90,201025,325234,260.6,812.5,1745.7,2288.8
kafka,consume,4,4000000,12.76,313480,1367907,165.6,800.2,1851.0,2837.5
kafka,produce,8,8000000,71.83,111371,218411,134.9,865.8,2745.6,3895.0
kafka,consume,8,8000000,29.47,271499,479099,205.4,872.9,3361.1,3992.4
tcp,produce,1,1000000,2.31,432339,567304,104.4,217.4,21.2,33.7
tcp,consume,1,1000000,1.82,549753,857894,26.7,126.5,64.8,159.7
tcp,produce,2,2000000,3.02,661594,898832,184.5,396.9,145.1,170.1
tcp,consume,2,2000000,11.41,175331,189018,11.2,151.0,159.4,376.0
tcp,produce,4,4000000,28.04,142669,147492,47.0,698.9,426.9,446.8
tcp,consume,4,4000000,1.45,2762431,6536044,120.8,460.3,569.5,913.3
tcp,produce,8,8000000,33.09,241779,250147,94.5,1145.5,959.8,998.6
tcp,consume,8,8000000,9.24,865988,956622,60.0,880.8,1008.3,2013.0
quic,produce,1,1000000,3.34,299312,349056,184.0,328.9,33.6,53.8
quic,consume,1,1000000,2.40,416493,518173,123.3,261.9,62.4,103.3
quic,produce,2,2000000,14.27,140154,145394,107.5,554.7,110.1,121.8
quic,consume,2,2000000,2.71,736648,1010552,210.5,501.6,144.5,208.3
quic,produce,4,4000000,23.82,167926,180431,124.5,807.2,238.3,274.9
quic,consume,4,4000000,4.24,944510,1290374,291.0,810.9,339.0,450.9
quic,produce,8,8000000,53.05,150787,185535,108.5,966.6,449.8,504.4
quic,consume,8,8000000,6.39,1252152,1655586,328.8,810.5,642.8,839.9
