system,config,phase,clients,records,seconds,msgs_per_sec,client_msgs_per_sec,cpu_avg,cpu_peak,mem_avg,mem_peak,lat_p50_ms,lat_p99_ms,lat_p999_ms,lat_max_ms
kafka,rf3,produce,1,500000,5.26,95003,150693,497.2,1387.3,1287.8,1680.1,1030.00,1261.00,1271.00,1274.00
kafka,rf3,consume,1,500000,5.22,95785,185254,165.0,754.8,1433.3,1739.6,0,0,0,0
kafka,rf3,produce,2,1000000,6.14,162893,250171,679.8,1825.7,1808.2,2321.7,1123.50,1509.50,1550.50,1770.00
kafka,rf3,consume,2,1000000,3.95,252908,889742,269.9,903.6,1835.1,2324.7,0,0,0,0
kafka,rf3,produce,4,2000000,8.49,235516,324641,800.6,1975.3,2794.9,3991.7,2364.25,3349.25,3380.50,4327.00
kafka,rf3,consume,4,2000000,4.55,439657,1676449,449.5,1252.5,3131.3,4126.4,0,0,0,0
kafka,rf1,produce,1,500000,2.96,168634,459559,218.0,791.0,2812.6,3118.3,1.00,44.00,46.00,236.00
kafka,rf1,consume,1,500000,3.18,157085,643501,129.8,426.4,2953.5,3223.3,0,0,0,0
kafka,rf1,produce,2,1000000,3.86,258799,596779,432.2,1364.4,3205.7,3854.9,2.00,38.00,50.50,335.00
kafka,rf1,consume,2,1000000,3.73,268168,1121226,248.0,818.7,3616.8,4135.2,0,0,0,0
kafka,rf1,produce,4,2000000,6.49,308024,710071,645.4,1965.5,4187.1,5041.9,24.50,186.75,228.25,721.00
kafka,rf1,consume,4,2000000,6.17,323887,1044002,339.9,1235.7,4799.5,6007.9,0,0,0,0
brahmaputra,rf3,produce,1,500000,1.96,255624,357123,165.3,488.6,132.0,211.1,3.51,17.64,216.58,218.29
brahmaputra,rf3,consume,1,500000,1.81,275634,398396,40.0,151.6,206.6,271.3,0,0,0,0
brahmaputra,rf3,produce,2,1000000,2.88,347222,476007,195.3,817.8,339.3,486.9,3.00,55.12,951.97,1018.49
brahmaputra,rf3,consume,2,1000000,1.13,888099,1960290,74.7,268.1,499.3,605.4,0,0,0,0
brahmaputra,rf3,produce,4,2000000,2.64,757576,1118540,404.0,1325.5,693.2,1055.0,5.47,34.93,90.46,117.69
brahmaputra,rf3,consume,4,2000000,1.43,1403509,4684019,113.9,406.6,1064.6,1218.4,0,0,0,0
brahmaputra,rf1,produce,1,500000,1.87,267666,443690,125.0,309.4,1038.7,1052.7,3.90,10.32,16.48,31.25
brahmaputra,rf1,consume,1,500000,1.24,402901,893383,58.2,168.3,1072.3,1155.6,0,0,0,0
brahmaputra,rf1,produce,2,1000000,1.66,602047,1004677,211.1,516.7,1102.9,1132.0,3.23,12.84,26.20,42.35
brahmaputra,rf1,consume,2,1000000,2.00,498753,1711896,53.1,282.1,1126.0,1330.3,0,0,0,0
brahmaputra,rf1,produce,4,2000000,2.48,804829,1670204,335.1,927.8,1228.5,1289.9,4.11,16.35,28.32,44.97
brahmaputra,rf1,consume,4,2000000,1.62,1237624,2258428,106.0,494.7,1312.0,1613.8,0,0,0,0
