scenario,artifact,containers,samples,window_seconds,cpu_core_seconds,cpu_average_percent,cpu_peak_percent,memory_average_mib,memory_peak_mib
replicated,brahmaputra-rf1-consume-1.stats.resources.json,3,46/46/46,2.2100000000000364,1.2857239999999255,58.177556561081644,168.3239999993905,1072.2677018523639,1155.5984374999916
replicated,brahmaputra-rf1-consume-2.stats.resources.json,3,68/67/65,3.180000000000291,1.6876427999999821,53.07052830188137,282.0599999990586,1126.0410180817696,1330.3468750000006
replicated,brahmaputra-rf1-consume-4.stats.resources.json,3,49/49/48,2.3400000000001455,2.4806658333334775,106.01136039885996,494.6880000029773,1312.0396698606519,1613.8164062496774
replicated,brahmaputra-rf1-produce-1.stats.resources.json,3,61/61/58,2.8599999999996726,3.5740258666664286,124.96593939394538,309.3616666653674,1038.6985820494613,1052.6726562500003
replicated,brahmaputra-rf1-produce-2.stats.resources.json,3,49/50/49,2.3900000000003274,5.044636400000066,211.0726527196391,516.6500000075183,1102.9474786436544,1132
replicated,brahmaputra-rf1-produce-4.stats.resources.json,3,65/66/65,3.180000000000291,10.656227800000138,335.10150314462777,927.8279999966305,1228.526621462256,1289.8976562500013
replicated,brahmaputra-rf3-consume-1.stats.resources.json,3,51/49/50,2.399999999999636,0.9597505999998692,39.98960833333395,151.5840000016045,206.60926920573925,271.33203125
replicated,brahmaputra-rf3-consume-2.stats.resources.json,3,40/39/39,1.8299999999999272,1.3661861999999472,74.65498360655745,268.14599999940805,499.30343451162497,605.4445312499506
replicated,brahmaputra-rf3-consume-4.stats.resources.json,3,48/48/46,2.180000000000291,2.482011400000051,113.85373394494127,406.56600000067715,1064.630482188937,1218.3640625000617
replicated,brahmaputra-rf3-produce-1.stats.resources.json,3,58/59/57,2.7600000000002183,4.562306000000088,165.30094202897564,488.6499999982233,132.04075237771895,211.1101562499818
replicated,brahmaputra-rf3-produce-2.stats.resources.json,3,75/73/73,3.6599999999998545,7.148368166666625,195.31060564663687,817.8359999970287,339.2551327342496,486.94140625
replicated,brahmaputra-rf3-produce-4.stats.resources.json,3,102/103/94,4.719999999999345,19.070651599999884,404.0392288136129,1325.503999995192,693.221609341883,1055.0281250000128
replicated,kafka-rf1-consume-1.stats.resources.json,3,75/75/74,3.7299999999995634,4.843030599999905,129.8399624665006,426.36299999866634,2953.5239307557154,3223.3411458333335
replicated,kafka-rf1-consume-2.stats.resources.json,3,85/86/85,4.299999999999727,10.663304399999976,247.98382325582912,818.6846666635569,3616.803335150207,4135.23828125
replicated,kafka-rf1-consume-4.stats.resources.json,3,150/148/151,7.970000000000255,27.093252866666734,339.9404374738503,1235.734285712091,4799.530170839205,6007.87890625
replicated,kafka-rf1-produce-1.stats.resources.json,3,70/70/71,3.5399999999999636,7.717003199999988,217.99444067796802,790.9889999973971,2812.5899022333906,3118.3492187499987
replicated,kafka-rf1-produce-2.stats.resources.json,3,87/86/86,4.420000000000073,19.104034833333372,432.21798265459404,1364.4039999950326,3205.657620280677,3854.879687500001
replicated,kafka-rf1-produce-4.stats.resources.json,3,125/136/137,7.440000000000055,48.016257,645.379798387092,1965.510999991419,4187.140908518149,5041.907589285697
replicated,kafka-rf3-consume-1.stats.resources.json,3,114/115/114,5.850000000000364,9.65251800000006,165.00030769229846,754.8379999999116,1433.3028545672978,1739.6367187499995
replicated,kafka-rf3-consume-2.stats.resources.json,3,92/91/90,4.699999999999818,12.6859361999999,269.91353617022105,903.6499999966666,1835.1062391954972,2324.7317708333335
replicated,kafka-rf3-consume-4.stats.resources.json,3,100/102/101,5.199999999999818,23.375205599999966,449.5231846153997,1252.5420000029633,3131.2897430889548,4126.42109375
replicated,kafka-rf3-produce-1.stats.resources.json,3,101/114/114,5.930000000000291,29.48303140000023,497.18434064078895,1387.2966666630516,1287.752404352857,1680.1085937499993
replicated,kafka-rf3-produce-2.stats.resources.json,3,114/108/128,6.739999999999782,45.81845579999986,679.7990474777648,1825.7460000000406,1808.1568173915152,2321.7140625000006
replicated,kafka-rf3-produce-4.stats.resources.json,3,129/171/168,9.099999999999909,72.85638416666666,800.6196062271142,1975.334333328094,2794.85613531653,3991.655208333332
concurrency,kafka-consume-1.stats.resources.json,1,812,43.01999999999953,14.377411,33.42029521152989,407.23999999851844,502.87524697815155,779.703125
concurrency,kafka-consume-2.stats.resources.json,1,92,5.0900000000001455,12.097906,237.6798821218007,689.2839999974924,1113.7810274435196,1547.45703125
concurrency,kafka-consume-4.stats.resources.json,1,232,13.489999999999782,22.33359,165.55663454410941,800.170000011644,1851.0245957653883,2837.515625
concurrency,kafka-consume-8.stats.resources.json,1,426,30.25,62.147261,205.4454909090909,872.8839999968244,3361.1456262913275,3992.359375
concurrency,kafka-produce-1.stats.resources.json,1,90,4.880000000000109,11.314809,231.86084016392923,780.131999997162,438.3765088691046,552.43359375
concurrency,kafka-produce-2.stats.resources.json,1,181,11.30999999999949,29.150432,257.7403359858648,2870.923333314185,801.5573020280834,1145.43359375
concurrency,kafka-produce-4.stats.resources.json,1,307,20.659999999999854,53.841016,260.6051113262361,812.5139999970439,1745.7210642545958,2288.81640625
concurrency,kafka-produce-8.stats.resources.json,1,1238,72.55000000000018,97.893368,134.93227842866952,865.8199999968502,2745.629519781614,3894.96484375
concurrency,quic-consume-1.stats.resources.json,1,60,3.050000000000182,3.760879,123.30750819671397,261.9119999990471,62.39912269467359,103.34765625
concurrency,quic-consume-2.stats.resources.json,1,66,3.3599999999996726,7.072758,210.49875000002052,501.637999998175,144.4922223772403,208.32421875
concurrency,quic-consume-4.stats.resources.json,1,82,4.770000000000437,13.881189,291.0102515723004,810.9179999970498,339.0059535508311,450.9140625
concurrency,quic-consume-8.stats.resources.json,1,109,7.050000000000182,23.179814,328.7916879432539,810.5299999970512,642.849240913105,839.93359375
concurrency,quic-produce-1.stats.resources.json,1,78,3.980000000000473,7.322682,183.98698492460127,328.9220000047864,33.61876766645648,53.75
concurrency,quic-produce-2.stats.resources.json,1,287,14.8100000000004,15.924157,107.52300472653322,554.704000008072,110.10569690031791,121.828125
concurrency,quic-produce-4.stats.resources.json,1,444,24.289999999999964,30.251576,124.54333470564036,807.1519999970636,238.27507542327248,274.859375
concurrency,quic-produce-8.stats.resources.json,1,978,53.659999999999854,58.223012,108.50356317555006,966.6419999964834,449.8158471743387,504.35546875
concurrency,tcp-consume-1.stats.resources.json,1,53,2.699999999999818,0.722086,26.743925925927726,126.4679999995399,64.77758246528715,159.734375
concurrency,tcp-consume-2.stats.resources.json,1,235,12.069999999999709,1.353374,11.21270919635487,151.0100000021975,159.42280382663225,375.98046875
concurrency,tcp-consume-4.stats.resources.json,1,44,2.2200000000002547,2.680922,120.7622522522384,460.29399999832543,569.5229448198374,913.25
concurrency,tcp-consume-8.stats.resources.json,1,188,10.039999999999964,6.024501,60.004990039840855,880.7779999967958,1008.2739277265782,2012.9765625
concurrency,tcp-produce-1.stats.resources.json,1,62,3.1599999999998545,3.298513,104.38332278481492,217.44799999920895,21.24291683149026,33.66796875
concurrency,tcp-produce-2.stats.resources.json,1,74,3.7899999999999636,6.991431,184.47047493403872,396.91199999855604,145.05185830310074,170.08984375
concurrency,tcp-produce-4.stats.resources.json,1,606,31.360000000000582,14.747267,47.025723852039945,698.9040000101704,426.92107656050604,446.7890625
concurrency,tcp-produce-8.stats.resources.json,1,624,33.8100000000004,31.953441,94.50884649511868,1145.4760000166689,959.8260667378347,998.625
large-records,kafka-consume-stats.txt.resources.json,1,120,6.289999999999964,9.059579,144.03146263911054,321.0799999988319,2254.018003527521,3910.7578125
large-records,kafka-produce-stats.txt.resources.json,1,387,20.48999999999978,18.064029,88.16021961932745,701.5880000102095,1334.9004354258325,1717.1796875
large-records,quic-consume-stats.txt.resources.json,1,199,10.220000000000255,22.381928,219.00125244617848,319.85199999883645,782.9173017826429,1401.8515625
large-records,quic-produce-stats.txt.resources.json,1,289,14.86999999999989,30.393339,204.3936718224628,407.31799999851825,307.039025722935,433.96484375
large-records,tcp-consume-stats.txt.resources.json,1,107,5.469999999999345,1.678936,30.69352833638393,137.16999999950096,497.0309357859953,2150.84375
large-records,tcp-produce-stats.txt.resources.json,1,296,15.239999999999782,5.931051,38.91765748031552,329.47399999880133,262.1471328535183,323.2890625
codec-none,brahma-consume-stats.txt.resources.json,1,23,1.139999999999418,0.349485,30.656578947384073,123.01399999955247,41.0096456962736,103.21875
codec-none,brahma-produce-stats.txt.resources.json,1,28,1.3999999999996362,1.231208,87.94342857145143,215.35000000313377,17.677511160715593,30.17578125
codec-none,kafka-consume-stats.txt.resources.json,1,78,4.069999999999709,5.864852,144.09955773956804,449.3999999983651,547.773538275518,768.91015625
codec-none,kafka-produce-stats.txt.resources.json,1,69,3.6400000000003274,6.59668,181.22747252745623,676.1599999975401,456.3624227335067,673.78515625
codec-lz4,brahma-consume-stats.txt.resources.json,1,26,1.2899999999999636,0.418102,32.4110077519389,107.54799999960876,54.36217599321454,283.8203125
codec-lz4,brahma-produce-stats.txt.resources.json,1,35,1.7599999999993088,1.128799,64.13630681820702,185.04200000269273,13.259510387073439,27.83984375
codec-lz4,kafka-consume-stats.txt.resources.json,1,67,3.5,5.127508,146.50022857142858,457.7939999983346,458.4283593749897,666.00390625
codec-lz4,kafka-produce-stats.txt.resources.json,1,62,3.2200000000002547,5.056979,157.04903726706834,519.53799999811,432.9670880240674,692.1953125
codec-gzip,brahma-consume-stats.txt.resources.json,1,26,1.300000000000182,0.419561,32.273923076918564,107.70599999960817,47.107031250026346,284.1171875
codec-gzip,brahma-produce-stats.txt.resources.json,1,36,1.8100000000004002,1.614431,89.19508287290844,177.8400000025879,17.523081405385778,27.765625
codec-gzip,kafka-consume-stats.txt.resources.json,1,72,3.7600000000002183,5.312836,141.29882978722583,405.0060000058936,463.3408047290715,710.13671875
codec-gzip,kafka-produce-stats.txt.resources.json,1,71,3.7299999999995634,6.055914,162.3569436997509,576.3319999979033,442.783831476205,646.96875
codec-snappy,brahma-consume-stats.txt.resources.json,1,28,1.3999999999996362,0.476463,34.03307142858027,109.50599999960163,59.23302176334733,288.78515625
codec-snappy,brahma-produce-stats.txt.resources.json,1,30,1.5100000000002183,1.207043,79.93662251654474,192.26799999930054,15.753595819537177,27.734375
codec-snappy,kafka-consume-stats.txt.resources.json,1,89,4.670000000000073,6.055297,129.66374732333844,599.2039999978201,521.1773872457118,706.98046875
codec-snappy,kafka-produce-stats.txt.resources.json,1,78,4.139999999999418,7.421721,179.268623188431,640.9799999976682,443.2586899909248,717.36328125
codec-zstd,brahma-consume-stats.txt.resources.json,1,27,1.3400000000001455,0.485291,36.21574626865278,109.1839999996028,57.40884444965591,282.40625
codec-zstd,brahma-produce-stats.txt.resources.json,1,28,1.4000000000005457,1.073626,76.68757142854153,190.20400000276786,15.014787946427845,28.796875
codec-zstd,kafka-consume-stats.txt.resources.json,1,67,3.5,5.236413,149.6118,499.41799999818306,472.46096540178917,765.73046875
codec-zstd,kafka-produce-stats.txt.resources.json,1,67,3.530000000000655,5.795951,164.19124645889303,629.2399999977109,437.311930108005,639.80078125
acks-0,brahma-consume-stats.txt.resources.json,1,23,1.1300000000001091,0.317019,28.054778761059236,121.36199999955848,35.67529728982166,90.87890625
acks-0,brahma-produce-stats.txt.resources.json,1,30,1.5,1.169867,77.99113333333332,188.7299999993134,16.745833333331568,28.66015625
acks-0,kafka-consume-stats.txt.resources.json,1,79,4.119999999999891,5.213713,126.5464320388383,420.3579999984708,539.8112152988438,766.86328125
acks-0,kafka-produce-stats.txt.resources.json,1,68,3.589999999999236,6.243834,173.92295264627654,711.520000010354,452.0620375609384,672.7265625
acks-all,brahma-consume-stats.txt.resources.json,1,24,1.1899999999995998,0.35407,29.753781512615046,119.47200000173854,39.28553374474571,95.046875
acks-all,brahma-produce-stats.txt.resources.json,1,36,1.8200000000006185,1.717831,94.38631868128662,204.78199999925502,19.459016569359374,32.43359375
acks-all,kafka-consume-stats.txt.resources.json,1,74,3.8599999999996726,5.027769,130.25308290156545,446.97599999837394,539.6674880586395,758.31640625
acks-all,kafka-produce-stats.txt.resources.json,1,69,3.5999999999994543,6.585504,182.9306666666944,591.2179999978492,461.3446777343903,676.26171875
idempotent,brahma-consume-stats.txt.resources.json,1,20,0.9899999999997817,0.134698,13.605858585861588,78.32599999971505,11.813328598482846,35.9296875
idempotent,brahma-produce-stats.txt.resources.json,1,22,1.089999999999236,0.337354,30.949908256902425,246.69400000358985,9.476598337146214,26.53125
idempotent,kafka-consume-stats.txt.resources.json,1,276,14.760000000000218,8.55113,57.934485094850096,562.125999997955,445.429696762783,515.1796875
idempotent,kafka-produce-stats.txt.resources.json,1,104,5.639999999999418,9.031794,160.13819148937822,579.9099999961322,399.7969754266469,487.375
rate-limited,brahmaputra-rf1-consume-1.stats.resources.json,3,29/30/29,1.300000000000182,0.39286080000001194,30.220061538458225,127.48866666628543,74.72802584134664,96.41992187495723
rate-limited,brahmaputra-rf1-produce-1.stats.resources.json,3,127/127/126,6.3400000000001455,3.2251089999999927,50.86922712933626,81.25199999970441,78.91991694597829,85.375
rate-limited,brahmaputra-rf3-consume-1.stats.resources.json,3,30/29/29,1.3299999999999272,0.3613335666666413,27.167937343357973,112.83799999959088,63.5845820606273,103.7382812499968
rate-limited,brahmaputra-rf3-produce-1.stats.resources.json,3,123/122/123,6.119999999999891,4.709075600000002,76.9456797385635,110.75166666819234,68.3322891135615,78.046875
rate-limited,kafka-rf1-consume-1.stats.resources.json,3,71/70/70,3.5399999999999636,5.477806400000036,154.74029378531333,559.0319999979678,1232.4128420727345,1354.2994791666672
rate-limited,kafka-rf1-produce-1.stats.resources.json,3,143/146/145,7.449999999999818,8.095746199999928,108.6677342281896,603.9376666642029,1226.9721985109134,1267.15234375
rate-limited,kafka-rf3-consume-1.stats.resources.json,3,87/88/86,4.369999999999891,8.069798733333334,184.6635865751381,772.3849999964749,1176.102277751954,1273.84765625
rate-limited,kafka-rf3-produce-1.stats.resources.json,3,152/154/152,7.960000000000036,16.90384213333339,212.35982579564464,785.2859999966573,1110.3645933116056,1268.9296875
